Ranking,Name,Year,Genre,Votes
1,The Last of Us,(2013 Video Game),"Action, Adventure, Drama","63,580"
2,Grand Theft Auto V,(2013 Video Game),"Action, Comedy, Crime","62,492"
3,Grand Theft Auto: San Andreas,(2004 Video Game),"Action, Crime","40,606"
4,Red Dead Redemption II,(2018 Video Game),"Action, Adventure, Crime","39,717"
5,Grand Theft Auto IV,(2008 Video Game),"Action, Crime, Drama","35,206"
6,The Last of Us: Part II,(2020 Video Game),"Action, Adventure, Drama","32,505"
7,Batman: Arkham City,(2011 Video Game),"Action, Adventure, Crime","31,686"
8,The Elder Scrolls V: Skyrim,(2011 Video Game),"Action, Adventure, Fantasy","30,500"
9,Uncharted 4: A Thief's End,(2016 Video Game),"Action, Adventure, Drama","30,350"
10,God of War,(2018 Video Game),"Action, Adventure, Drama","30,086"
11,Batman: Arkham Asylum,(2009 Video Game),"Action, Adventure, Crime","28,417"
12,The Witcher 3: Wild Hunt,(2015 Video Game),"Action, Adventure, Drama","27,922"
13,Red Dead Redemption,(2010 Video Game),"Action, Adventure, Crime","27,344"
14,Grand Theft Auto: Vice City,(2002 Video Game),"Action, Crime, Drama","27,047"
15,Uncharted 2: Among Thieves,(2009 Video Game),"Action, Adventure, Fantasy","25,772"
16,Call of Duty: Modern Warfare 2,(2009 Video Game),"Action, Thriller","24,101"
17,Assassin's Creed II,(2009 Video Game),"Action, Adventure, Sci-Fi","23,706"
18,Call of Duty: Modern Warfare,(2007 Video Game),"Action, Thriller","22,947"
19,Spider-Man,(2018 Video Game),"Action, Adventure, Fantasy","22,722"
20,Uncharted 3: Drake's Deception,(2011 Video Game),"Action, Adventure, Fantasy","22,595"
21,Uncharted: Drake's Fortune,(2007 Video Game),"Action, Adventure, Fantasy","20,943"
22,BioShock Infinite,(2013 Video Game),"Action, Adventure, Drama","20,562"
23,Mass Effect 2,(2010 Video Game),"Action, Adventure, Drama","20,258"
24,BioShock,(2007 Video Game),"Action, Adventure, Horror","20,235"
25,Batman: Arkham Knight,(2015 Video Game),"Action, Adventure, Crime","20,111"
26,Call of Duty: Black Ops,(2010 Video Game),"Action, Horror, Thriller","19,672"
27,Far Cry 3,(2012 Video Game),"Action, Adventure, Crime","19,369"
28,Fallout 3,(2008 Video Game),"Action, Adventure, Sci-Fi","19,184"
29,Assassin's Creed,(2007 Video Game),"Action, Adventure, Sci-Fi","18,997"
30,Tomb Raider,(2013 Video Game),"Action, Adventure, Fantasy","18,927"
31,Mass Effect,(2007 Video Game),"Action, Adventure, Drama","18,535"
32,Call of Duty: Modern Warfare 3,(2011 Video Game),"Action, Thriller","18,408"
33,Detroit: Become Human,(2018 Video Game),"Action, Adventure, Drama","18,161"
34,Assassin's Creed IV: Black Flag,(2013 Video Game),"Action, Adventure, History","17,523"
35,Assassin's Creed III,(2012 Video Game),"Action, Adventure, History","17,292"
36,Half-Life 2,(2004 Video Game),"Action, Adventure, Sci-Fi","16,398"
37,Portal 2,(2011 Video Game),"Adventure, Comedy, Sci-Fi","16,057"
38,Grand Theft Auto III,(2001 Video Game),"Action, Crime, Drama","16,006"
39,Assassin's Creed: Brotherhood,(2010 Video Game),"Action, Adventure, History","15,972"
40,Mass Effect 3,(2012 Video Game),"Action, Adventure, Drama","15,844"
41,L.A. Noire,(2011 Video Game),"Action, Crime, Drama","15,687"
42,Horizon Zero Dawn,(2017 Video Game),"Action, Adventure, Sci-Fi","15,531"
43,Max Payne,(2001 Video Game),"Action, Crime, Drama","15,269"
44,Until Dawn,(2015 Video Game),"Horror, Mystery, Thriller","15,140"
45,Call of Duty: Black Ops II,(2012 Video Game),"Action, Adventure, Horror","14,339"
46,Batman: Arkham Origins,(2013 Video Game),"Action, Adventure, Crime","14,016"
47,Batman Begins,(2005 Video Game),"Action, Adventure, Crime","13,867"
48,Heavy Rain,(2010 Video Game),"Crime, Drama, Mystery","13,775"
49,Resident Evil 4,(2005 Video Game),"Action, Adventure, Fantasy","13,566"
50,Assassin's Creed: Revelations,(2011 Video Game),"Action, Adventure, History","13,418"
51,Fallout 4,(2015 Video Game),"Action, Adventure, Sci-Fi","13,233"
52,The Walking Dead,(2012 Video Game),"Drama, Horror, Sci-Fi","13,173"
53,Portal,(2007 Video Game),"Adventure, Comedy, Sci-Fi","13,100"
54,Fallout: New Vegas,(2010 Video Game),"Action, Adventure, Sci-Fi","12,611"
55,Star Wars Jedi: Fallen Order,(2019 Video Game),"Action, Adventure, Drama","12,567"
56,The Elder Scrolls IV: Oblivion,(2006 Video Game),"Action, Adventure, Fantasy","12,462"
57,Life Is Strange,(2015 Video Game),"Drama, Mystery, Sci-Fi","12,285"
58,Beyond: Two Souls,(2013 Video Game),"Action, Adventure, Drama","12,176"
59,Halo 3,(2007 Video Game),"Action, Adventure, Sci-Fi","12,092"
60,Pirates of the Caribbean: The Legend of Jack Sparrow,(2006 Video Game),"Action, Adventure, Fantasy","12,023"
61,Metal Gear Solid,(1998 Video Game),"Action, Adventure, Drama","11,971"
62,The Fifth Element,(1998 Video Game),"Action, Adventure, Sci-Fi","11,962"
63,Call of Duty: World at War,(2008 Video Game),"Action, Horror, Thriller","11,900"
64,Minecraft,(2009 Video Game),"Action, Adventure, Family","11,548"
65,Halo: Combat Evolved,(2001 Video Game),"Action, Adventure, Sci-Fi","11,414"
66,God of War III,(2010 Video Game),"Action, Adventure, Fantasy","11,122"
67,Max Payne 2: The Fall of Max Payne,(2003 Video Game),"Action, Crime, Drama","10,873"
68,Metal Gear Solid 4: Guns of the Patriots,(2008 Video Game),"Action, Adventure, Drama","10,743"
69,Final Fantasy VII,(1997 Video Game),"Action, Adventure, Drama","10,727"
70,God of War,(2005 Video Game),"Action, Adventure, Fantasy","10,712"
71,Max Payne 3,(2012 Video Game),"Action, Crime, Drama","10,711"
72,Mafia II,(2010 Video Game),"Action, Crime, Drama","10,627"
73,Metal Gear Solid 3: Snake Eater,(2004 Video Game),"Action, Adventure, Drama","10,615"
74,Half-Life,(1998 Video Game),"Action, Sci-Fi, Thriller","10,387"
75,The Last of Us: Left Behind,(2014 Video Game),"Action, Adventure, Drama","10,228"
76,Ghost of Tsushima,(2020 Video Game),"Action, Adventure, Drama","10,129"
77,Cyberpunk 2077,(2020 Video Game),"Action, Crime, Drama","10,118"
78,Far Cry 4,(2014 Video Game),"Action, Adventure, Crime","10,035"
79,The Legend of Zelda: Ocarina of Time,(1998 Video Game),"Action, Adventure, Fantasy","9,785"
80,BioShock 2,(2010 Video Game),"Action, Adventure, Horror","9,780"
81,Dead Space,(2008 Video Game),"Action, Horror, Mystery","9,778"
82,Halo 2,(2004 Video Game),"Action, Adventure, Sci-Fi","9,771"
83,Rise of the Tomb Raider,(2015 Video Game),"Action, Adventure, Fantasy","9,733"
84,Quantum of Solace,(2008 Video Game),"Action, Adventure, Thriller","9,609"
85,God of War II,(2007 Video Game),"Action, Adventure, Fantasy","9,601"
86,Battlefield 3,(2011 Video Game),"Action, Adventure, War","9,053"
87,Watch Dogs,(2014 Video Game),"Action, Crime, Drama","8,993"
88,Dishonored,(2012 Video Game),"Action, Adventure, Fantasy","8,917"
89,Death Stranding,(2019 Video Game),"Action, Adventure, Drama","8,852"
90,Call of Duty: Ghosts,(2013 Video Game),"Action, Thriller","8,839"
91,Gears of War,(2006 Video Game),"Action, Sci-Fi, War","8,829"
92,God of War: Ragnarök,(2022 Video Game),"Action, Adventure, Drama","8,817"
93,Star Wars: Knights of the Old Republic,(2003 Video Game),"Action, Adventure, Fantasy","8,750"
94,Metal Gear Solid 2: Sons of Liberty,(2001 Video Game),"Action, Adventure, Drama","8,672"
95,Resident Evil 5,(2009 Video Game),"Action, Adventure, Fantasy","8,636"
96,Assassin's Creed: Origins,(2017 Video Game),"Action, Adventure, Fantasy","8,411"
97,The Witcher 3: Wild Hunt - Blood and Wine,(2016 Video Game),"Action, Adventure, Drama","8,302"
98,Resident Evil VII: Biohazard,(2017 Video Game),"Action, Crime, Drama","8,186"
99,Final Fantasy X,(2001 Video Game),"Adventure, Fantasy, Romance","8,087"
100,Dragon Age: Origins,(2009 Video Game),"Action, Adventure, Fantasy","8,077"
101,Call of Duty: Advanced Warfare,(2014 Video Game),"Action, Adventure, Drama","7,991"
102,The Legend of Zelda: Breath of the Wild,(2017 Video Game),"Action, Adventure, Fantasy","7,737"
103,Metal Gear Solid V: The Phantom Pain,(2015 Video Game),"Action, Adventure, Drama","7,721"
104,Assassin's Creed: Odyssey,(2018 Video Game),"Action, Adventure, Fantasy","7,709"
105,Resident Evil 2,(2019 Video Game),"Action, Crime, Horror","7,608"
106,Uncharted: The Lost Legacy,(2017 Video Game),"Action, Adventure, Thriller","7,582"
107,Star Wars: The Force Unleashed,(2008 Video Game),"Action, Adventure, Fantasy","7,540"
108,Kingdom Hearts,(2002 Video Game),"Action, Adventure, Family","7,453"
109,The Walking Dead: Season Two,(2013 Video Game),"Drama, Horror, Thriller","7,406"
110,Far Cry 5,(2018 Video Game),"Action, Adventure, Crime","7,373"
111,The Wolf Among Us,(2013 Video Game),"Action, Crime, Drama","7,363"
112,Battlefield 4,(2013 Video Game),"Action, Adventure, War","7,354"
113,Assassin's Creed: Unity,(2014 Video Game),"Action, Adventure, History","7,292"
114,Kingdom Hearts II,(2005 Video Game),"Action, Adventure, Family","7,250"
115,Call of Duty: Black Ops III,(2015 Video Game),"Action, Horror, Sci-Fi","7,147"
116,Fortnite,(2017 Video Game),"Action, Adventure, Comedy","7,137"
117,Need for Speed: Most Wanted,(2005 Video Game),"Action, Crime, Sport","7,096"
118,Sleeping Dogs,(2012 Video Game),"Action, Crime, Drama","7,076"
119,Halo: Reach,(2010 Video Game),"Action, Adventure, Sci-Fi","7,031"
120,Halo 4,(2012 Video Game),"Action, Adventure, Sci-Fi","7,018"
121,Spider-Man: Miles Morales,(2020 Video Game),"Action, Adventure, Fantasy","6,995"
122,Call of Duty,(2003 Video Game),"Action, Adventure, War","6,951"
123,Left 4 Dead 2,(2009 Video Game),"Action, Horror","6,949"
124,Battlefield 1,(2016 Video Game),"Action, Adventure, War","6,914"
125,Call of Duty 2,(2005 Video Game),"Action, War","6,913"
126,The Witcher 3: Wild Hunt - Hearts of Stone,(2015 Video Game),"Action, Adventure, Drama","6,911"
127,Silent Hill 2,(2001 Video Game),"Drama, Horror, Mystery","6,850"
128,Star Wars: Battlefront II,(2005 Video Game),"Action, Adventure, Sci-Fi","6,847"
129,Star Wars: Battlefront II,(2017 Video Game),"Action, Adventure, Fantasy","6,818"
130,Dead Space 2,(2011 Video Game),"Action, Horror, Sci-Fi","6,750"
131,Assassin's Creed: Syndicate,(2015 Video Game),"Action, Adventure, Crime","6,721"
132,Call of Duty: WWII,(2017 Video Game),"Action, Drama, Horror","6,628"
133,Hitman: Absolution,(2012 Video Game),"Action, Crime, Drama","6,572"
134,Borderlands 2,(2012 Video Game),"Action, Adventure, Comedy","6,545"
135,Days Gone,(2019 Video Game),"Action, Adventure, Drama","6,524"
136,Injustice: Gods Among Us,(2013 Video Game),"Action, Adventure, Fantasy","6,484"
137,Super Mario Bros.,(1985 Video Game),"Action, Adventure, Fantasy","6,387"
138,Half-Life 2: Episode Two,(2007 Video Game),"Action, Adventure, Sci-Fi","6,353"
139,Super Mario 64,(1996 Video Game),"Action, Adventure, Comedy","6,320"
140,Saints Row: The Third,(2011 Video Game),"Action, Comedy, Crime","6,252"
141,Doom,(2016 Video Game),"Action, Fantasy, Horror","6,232"
142,Final Fantasy VIII,(1999 Video Game),"Action, Adventure, Drama","6,159"
143,Left 4 Dead,(2008 Video Game),"Action, Horror","6,143"
144,Alan Wake,(2010 Video Game),"Action, Adventure, Horror","6,045"
145,Mafia: The City of Lost Heaven,(2002 Video Game),"Action, Crime, Drama","6,036"
146,Resident Evil 2,(1998 Video Game),"Action, Horror, Sci-Fi","5,997"
147,The Witcher 2: Assassins of Kings,(2011 Video Game),"Action, Adventure, Drama","5,977"
148,Bloodborne,(2015 Video Game),"Action, Adventure, Fantasy","5,907"
149,Wolfenstein: The New Order,(2014 Video Game),"Action, Adventure, Drama","5,820"
150,Silent Hill,(1999 Video Game),"Drama, Horror, Mystery","5,818"
151,Middle-Earth: Shadow of Mordor,(2014 Video Game),"Action, Adventure, Fantasy","5,807"
152,Call of Duty: Modern Warfare,(2019 Video Game),"Action, Drama, Thriller","5,788"
153,World of Warcraft,(2004 Video Game),"Action, Adventure, Fantasy","5,713"
154,Limbo,(2010 Video Game),"Adventure, Horror, Mystery","5,704"
155,Elden Ring,(2022 Video Game),"Action, Adventure, Fantasy","5,698"
156,GoldenEye 007,(1997 Video Game),"Action, Adventure, Thriller","5,690"
157,Deus Ex: Human Revolution,(2011 Video Game),"Action, Adventure, Drama","5,657"
158,Shadow of the Tomb Raider,(2018 Video Game),"Action, Adventure, Fantasy","5,631"
159,Uncharted: The Nathan Drake Collection,(2015 Video Game),"Action, Adventure, Fantasy","5,631"
160,Alien: Isolation,(2014 Video Game),"Horror, Sci-Fi, Thriller","5,630"
161,Gears of War 2,(2008 Video Game),"Action, Sci-Fi, War","5,595"
162,Hitman: Blood Money,(2006 Video Game),"Action, Crime, Mystery","5,577"
163,Resident Evil,(1996 Video Game),"Action, Horror, Mystery","5,543"
164,Half-Life 2: Episode One,(2006 Video Game),"Action, Adventure, Sci-Fi","5,493"
165,Super Mario Galaxy,(2007 Video Game),"Action, Adventure, Family","5,485"
166,Crysis,(2007 Video Game),"Action, Adventure, Mystery","5,451"
167,Mass Effect: Andromeda,(2017 Video Game),"Action, Adventure, Mystery","5,428"
168,Bully,(2006 Video Game),"Action, Comedy, Crime","5,397"
169,Super Mario Bros. 3,(1988 Video Game),"Action, Adventure, Family","5,348"
170,Spider-Man 2,(I) (2004 Video Game),"Action, Adventure, Crime","5,320"
171,StarCraft,(1998 Video Game),"Action, Adventure, Sci-Fi","5,278"
172,Resident Evil Village,(2021 Video Game),"Action, Adventure, Drama","5,275"
173,Star Wars: Battlefront,(2015 Video Game),"Action, Fantasy, Sci-Fi","5,270"
174,Star Wars: Knights of the Old Republic II - The Sith Lords,(2004 Video Game),"Action, Adventure, Drama","5,250"
175,Overwatch,(2016 Video Game),"Action, Adventure, Fantasy","5,158"
176,Destiny,(2014 Video Game),"Action, Adventure, Fantasy","5,142"
177,Prince of Persia: The Sands of Time,(I) (2003 Video Game),"Action, Adventure, Fantasy","5,115"
178,The Legend of Zelda: Twilight Princess,(2006 Video Game),"Action, Adventure, Fantasy","5,114"
179,Crysis 2,(2011 Video Game),"Action, Mystery, Sci-Fi","5,103"
180,Dark Souls,(2011 Video Game),"Action, Adventure, Fantasy","5,095"
181,Doom,(1993 Video Game),"Action, Fantasy, Horror","5,085"
182,Final Fantasy IX,(2000 Video Game),"Action, Adventure, Fantasy","5,069"
183,Dragon Age: Inquisition,(2014 Video Game),"Action, Adventure, Fantasy","5,059"
184,South Park: The Stick of Truth,(2014 Video Game),"Action, Adventure, Comedy","4,985"
185,Dragon Age II,(2011 Video Game),"Action, Adventure, Fantasy","4,982"
186,Super Mario World,(1990 Video Game),"Action, Adventure, Family","4,982"
187,Borderlands,(2009 Video Game),"Action, Adventure, Comedy","4,939"
188,Grand Theft Auto: Vice City Stories,(2006 Video Game),"Action, Crime, Drama","4,910"
189,Terminator 3: Rise of the Machines,(2003 Video Game),"Action, Adventure, Sci-Fi","4,895"
190,Resident Evil 6,(2012 Video Game),"Action, Adventure, Fantasy","4,889"
191,Outlast,(2013 Video Game),"Action, Horror, Mystery","4,868"
192,Wolfenstein II: The New Colossus,(2017 Video Game),"Action, Adventure, Drama","4,811"
193,Super Smash Bros. Brawl,(2008 Video Game),"Action, Adventure, Fantasy","4,802"
194,Gears of War 3,(2011 Video Game),"Action, Sci-Fi, War","4,784"
195,Grand Theft Auto IV: The Ballad of Gay Tony,(2009 Video Game),"Action, Crime, Drama","4,769"
196,Resident Evil 3,(1999 Video Game),"Action, Horror, Sci-Fi","4,748"
197,Dark Souls III,(2016 Video Game),"Action, Adventure, Fantasy","4,736"
198,inFamous: Second Son,(2014 Video Game),"Action, Adventure, Fantasy","4,729"
199,Assassin's Creed Valhalla,(2020 Video Game),"Action, Adventure, Fantasy","4,673"
200,Halo 3: ODST,(2009 Video Game),"Action, Adventure, Mystery","4,659"
201,The Witcher,(2007 Video Game),"Action, Adventure, Drama","4,529"
202,Game of Thrones: A Telltale Games Series,(2014 Video Game),"Adventure, Drama, Fantasy","4,522"
203,Grand Theft Auto IV: The Lost and Damned,(2009 Video Game),"Action, Crime, Drama","4,471"
204,Grand Theft Auto: Liberty City Stories,(2005 Video Game),"Action, Crime, Drama","4,442"
205,Lego Star Wars: The Complete Saga,(2007 Video Game),"Action, Adventure, Comedy","4,391"
206,Dying Light,(2015 Video Game),"Action, Adventure, Horror","4,384"
207,Assassin's Creed: Rogue,(2014 Video Game),"Action, Adventure, History","4,382"
208,Super Mario Odyssey,(2017 Video Game),"Animation, Action, Adventure","4,364"
209,Metro 2033,(2010 Video Game),"Action, Adventure, Horror","4,352"
210,Far Cry 2,(2008 Video Game),"Action, Adventure, Thriller","4,352"
211,Dead Island,(2011 Video Game),"Action, Adventure, Horror","4,326"
212,Battlefield: Bad Company 2,(2010 Video Game),"Action, Adventure, Comedy","4,316"
213,Resident Evil,(2002 Video Game),"Action, Horror, Mystery","4,312"
214,Team Fortress 2,(2007 Video Game),"Action, Comedy, Sci-Fi","4,290"
215,Saints Row IV,(2013 Video Game),"Action, Adventure, Comedy","4,284"
216,Mafia III,(2016 Video Game),"Action, Crime, Drama","4,261"
217,Star Wars: Battlefront,(2004 Video Game),"Action, Adventure, Sci-Fi","4,243"
218,Red Dead Redemption: Undead Nightmare,(2010 Video Game),"Action, Drama, Fantasy","4,208"
219,inFamous,(2009 Video Game),"Action, Adventure, Fantasy","4,205"
220,Doom 3,(2004 Video Game),"Action, Horror, Sci-Fi","4,193"
221,Metro: Last Light,(2013 Video Game),"Action, Adventure, Horror","4,187"
222,Shadow of the Colossus,(2005 Video Game),"Action, Adventure, Drama","4,169"
223,Injustice 2,(2017 Video Game),"Action, Adventure, Fantasy","4,161"
224,Call of Duty: Infinite Warfare,(2016 Video Game),"Action, Adventure, Sci-Fi","4,151"
225,Mortal Kombat X,(2015 Video Game),"Action, Adventure, Fantasy","4,126"
226,Watch Dogs 2,(2016 Video Game),"Action, Crime, Mystery","4,088"
227,Final Fantasy VII Remake,(2020 Video Game),"Action, Adventure, Drama","4,070"
228,Mario Kart Wii,(2008 Video Game),"Action, Family, Fantasy","4,064"
229,Rocket League,(2015 Video Game),"Action, Sci-Fi, Sport","4,063"
230,Diablo II,(2000 Video Game),"Action, Adventure, Fantasy","4,052"
231,Wii Sports,(2006 Video Game),"Comedy, Sport","4,019"
232,Marvel's Guardians of the Galaxy,(2021 Video Game),"Action, Adventure, Comedy","4,015"
233,Tales from the Borderlands: A Telltale Games Series,(2014 Video Game),"Adventure, Comedy, Sci-Fi","4,013"
234,Control,(2019 Video Game),"Action, Adventure, Horror","4,010"
235,Firewatch,(2016 Video Game),"Drama, Mystery, Thriller","4,002"
236,Mirror's Edge,(2008 Video Game),"Action, Adventure, Sci-Fi","3,992"
237,Batman: The Telltale Series,(2016 Video Game),"Action, Crime, Sci-Fi","3,984"
238,Grand Theft Auto,(1997 Video Game),"Action, Crime","3,979"
239,Mortal Kombat,(2011 Video Game),"Action, Adventure, Fantasy","3,977"
240,Hellblade: Senua's Sacrifice,(2017 Video Game),"Action, Adventure, Drama","3,945"
241,Titanfall 2,(2016 Video Game),"Action, Adventure, Sci-Fi","3,929"
242,Fallout 2: A Post-Nuclear Role-Playing Game,(1998 Video Game),"Action, Adventure, Sci-Fi","3,922"
243,Call of Duty 3,(2006 Video Game),"Action, Adventure, War","3,915"
244,Prince of Persia: Warrior Within,(2004 Video Game),"Action, Adventure, Fantasy","3,911"
245,Dead Space 3,(2013 Video Game),"Action, Adventure, Horror","3,893"
246,Inside,(2016 Video Game),"Adventure, Horror, Mystery","3,861"
247,Need for Speed: Underground 2,(2004 Video Game),"Action, Adventure, Family","3,851"
248,Grand Theft Auto 2,(1999 Video Game),"Action, Crime","3,846"
249,Fallout: A Post-Nuclear Role-Playing Game,(1997 Video Game),"Action, Adventure, Sci-Fi","3,835"
250,Resident Evil 3,(2020 Video Game),"Action, Crime, Horror","3,822"
251,Silent Hill 3,(2003 Video Game),"Drama, Horror, Mystery","3,822"
252,The Godfather,(2006 Video Game),"Action, Crime, Drama","3,810"
253,Horizon Forbidden West,(2022 Video Game),"Action, Adventure, Sci-Fi","3,809"
254,Enter the Matrix,(2003 Video Game),"Action, Adventure, Sci-Fi","3,780"
255,Life Is Strange: Before the Storm,(2017 Video Game),"Drama, Mystery, Romance","3,753"
256,The Legend of Zelda: Majora's Mask,(2000 Video Game),"Action, Adventure, Family","3,752"
257,A Plague Tale: Innocence,(2019 Video Game),"Adventure, Drama, History","3,706"
258,Journey,(2012 Video Game),"Adventure, Fantasy","3,700"
259,Need for Speed: Carbon,(2006 Video Game),"Action, Crime, Sport","3,696"
260,Mortal Kombat 11,(2019 Video Game),"Action, Adventure, Fantasy","3,673"
261,Fainaru fantajî XII,(2006 Video Game),"Action, Adventure, Fantasy","3,665"
262,The Evil Within,(2014 Video Game),"Action, Adventure, Horror","3,663"
263,Undertale,(2015 Video Game),"Adventure, Comedy, Drama","3,657"
264,Far Cry,(2004 Video Game),"Action, Adventure, Sci-Fi","3,639"
265,Spec Ops: The Line,(2012 Video Game),"Action, Drama, Mystery","3,632"
266,The Walking Dead: A New Frontier,(2016 Video Game),"Drama, Horror, Thriller","3,629"
267,Star Wars: The Force Unleashed II,(2010 Video Game),"Action, Adventure, Fantasy","3,603"
268,Warcraft III: Reign of Chaos,(2002 Video Game),"Action, Adventure, Fantasy","3,593"
269,Grim Fandango,(1998 Video Game),"Adventure, Comedy, Crime","3,583"
270,Diablo III,(2012 Video Game),"Action, Adventure, Fantasy","3,563"
271,Lego Marvel Super Heroes,(2013 Video Game),"Action, Adventure, Fantasy","3,559"
272,Half-Life: Counter-Strike,(2000 Video Game),"Action, Crime","3,550"
273,Counter-Strike: Global Offensive,(2012 Video Game),"Action, Crime","3,544"
274,What Remains of Edith Finch,(2017 Video Game),"Adventure, Drama, Mystery","3,541"
275,Super Smash Bros. Ultimate,(2018 Video Game),"Action, Adventure, Fantasy","3,529"
276,Final Fantasy XIII,(2009 Video Game),"Action, Adventure, Drama","3,510"
277,Mortal Kombat,(1992 Video Game),"Action, Fantasy","3,505"
278,Lego Batman: The Videogame,(2008 Video Game),"Action, Adventure, Fantasy","3,494"
279,The Elder Scrolls III: Morrowind,(2002 Video Game),"Action, Adventure, Fantasy","3,492"
280,Mad Max,(2015 Video Game),"Action, Adventure, Crime","3,490"
281,X-Men Origins: Wolverine,(2009 Video Game),"Action, Adventure, Fantasy","3,486"
282,The Legend of Zelda: A Link to the Past,(1991 Video Game),"Action, Adventure, Fantasy","3,484"
283,Prince of Persia: The Two Thrones,(2005 Video Game),"Action, Adventure, Fantasy","3,481"
284,Far Cry Primal,(2016 Video Game),"Action, Adventure, History","3,459"
285,Spider-Man 3,(2007 Video Game),"Action, Adventure, Crime","3,452"
286,Age of Empires II: The Age of Kings,(1999 Video Game),"Action, Adventure, History","3,430"
287,Warcraft III: The Frozen Throne,(2003 Video Game),"Action, Adventure, Fantasy","3,423"
288,The Legend of Zelda: The Wind Waker,(2002 Video Game),"Action, Adventure, Fantasy","3,422"
289,Sekiro: Shadows Die Twice,(2019 Video Game),"Action, Adventure, Fantasy","3,372"
290,StarCraft II: Wings of Liberty,(2010 Video Game),"Action, Adventure, Sci-Fi","3,362"
291,Saints Row 2,(2008 Video Game),"Action, Crime, Drama","3,343"
292,Hitman 2: Silent Assassin,(2002 Video Game),"Action, Crime, Mystery","3,307"
293,Sonic the Hedgehog,(I) (1991 Video Game),"Action, Adventure, Family","3,302"
294,Dark Souls II,(2014 Video Game),"Action, Adventure, Fantasy","3,290"
295,Crash Bandicoot,(1996 Video Game),"Animation, Action, Adventure","3,282"
296,Destiny 2,(2017 Video Game),"Action, Adventure, Fantasy","3,279"
297,Final Fantasy XV,(2016 Video Game),"Action, Adventure, Drama","3,272"
298,Duke Nukem 3D,(1996 Video Game),"Action, Adventure, Comedy","3,271"
299,Tetris,(1984 Video Game),,"3,269"
300,Deus Ex,(2000 Video Game),"Action, Adventure, Drama","3,265"
301,Final Fantasy VI,(1994 Video Game),"Action, Adventure, Drama","3,256"
302,Halo 5: Guardians,(2015 Video Game),"Action, Adventure, Sci-Fi","3,233"
303,Splinter Cell,(2002 Video Game),"Action, Adventure, Thriller","3,233"
304,Super Smash Bros. Melee,(2001 Video Game),"Action, Fantasy, Sci-Fi","3,233"
305,Mario Kart 64,(1996 Video Game),"Animation, Action, Family","3,224"
306,Need for Speed: Underground,(2003 Video Game),"Action, Adventure, Crime","3,219"
307,From Russia with Love,(2005 Video Game),"Action, Adventure, Thriller","3,214"
308,The Sims 2,(2004 Video Game),"Adventure, Family, Romance","3,211"
309,The Chronicles of Riddick: Escape from Butcher Bay,(2004 Video Game),"Action, Crime, Sci-Fi","3,210"
310,Prototype,(2009 Video Game),"Action, Adventure, Horror","3,190"
311,The Secret of Monkey Island,(1990 Video Game),"Adventure, Comedy, Fantasy","3,170"
312,Final Fantasy X-2,(2003 Video Game),"Action, Adventure, Fantasy","3,163"
313,Doom Eternal,(2020 Video Game),"Action, Adventure, Fantasy","3,146"
314,Splinter Cell: Conviction,(2010 Video Game),"Action, Adventure, Thriller","3,134"
315,Super Mario Bros. 2,(1988 Video Game),"Action, Adventure, Family","3,134"
316,The Walking Dead: 400 Days,(2013 Video Game),"Drama, Horror, Thriller","3,132"
317,Indigo Prophecy,(2005 Video Game),"Action, Crime, Fantasy","3,123"
318,The Lord of the Rings: The Two Towers,(I) (2002 Video Game),"Action, Adventure, Fantasy","3,121"
319,New Super Mario Bros. Wii,(2009 Video Game),"Action, Adventure, Family","3,121"
320,A Way Out,(2018 Video Game),"Action, Adventure, Crime","3,110"
321,Star Wars: The Old Republic,(2011 Video Game),"Action, Adventure, Fantasy","3,104"
322,Resident Evil: Code: Veronica,(2000 Video Game),"Action, Adventure, Horror","3,102"
323,God of War: Ascension,(2013 Video Game),"Action, Adventure, Fantasy","3,098"
324,Rainbow Six: Siege,(2015 Video Game),"Action, Adventure, Crime","3,098"
325,Just Cause 2,(2010 Video Game),"Action, Adventure, Crime","3,088"
326,Chrono Trigger,(1995 Video Game),"Action, Adventure, Fantasy","3,082"
327,Ghostbusters,(2009 Video Game),"Action, Adventure, Comedy","3,079"
328,inFamous 2,(2011 Video Game),"Action, Adventure, Fantasy","3,077"
329,NieR: Automata,(2017 Video Game),"Action, Adventure, Drama","3,066"
330,Deadpool,(2013 Video Game),"Action, Adventure, Comedy","3,049"
331,Among Us,(2018 Video Game),"Animation, Family, Horror","3,044"
332,Tomb Raider,(1996 Video Game),"Action, Adventure, Fantasy","3,037"
333,The Legend of Zelda,(1986 Video Game),"Action, Adventure, Fantasy","3,028"
334,Command & Conquer: Red Alert 2,(2000 Video Game),"Action, Sci-Fi, War","3,014"
335,Apex Legends,(2019 Video Game),"Action, Sci-Fi","3,012"
336,Super Mario Sunshine,(2002 Video Game),"Action, Adventure, Crime","3,011"
337,Metal Gear Solid V: Ground Zeroes,(2014 Video Game),"Action, Adventure, Drama","3,007"
338,Doom II: Hell on Earth,(1994 Video Game),"Action, Fantasy, Horror","2,999"
339,Hitman: Contracts,(2004 Video Game),"Action, Crime, Mystery","2,993"
340,Devil May Cry 3: Dante's Awakening,(2005 Video Game),"Action, Adventure, Fantasy","2,986"
341,Cuphead: Don't Deal with the Devil,(2017 Video Game),"Animation, Action, Adventure","2,980"
342,Harry Potter and the Chamber of Secrets,(I) (2002 Video Game),"Action, Adventure, Fantasy","2,968"
343,Devil May Cry 4,(2008 Video Game),"Action, Adventure, Fantasy","2,963"
344,F.E.A.R.,(2005 Video Game),"Action, Horror, Mystery","2,963"
345,Donkey Kong Country,(1994 Video Game),"Action, Adventure, Comedy","2,959"
346,Little Nightmares,(2017 Video Game),"Adventure, Horror","2,957"
347,Fable,(2004 Video Game),"Action, Adventure, Fantasy","2,947"
348,The Quarry,(2022 Video Game),"Animation, Horror","2,944"
349,Dead Rising,(2006 Video Game),"Action, Horror, Mystery","2,930"
350,Dishonored 2,(2016 Video Game),"Action, Adventure, Fantasy","2,926"
351,Crysis 3,(2013 Video Game),"Action, Adventure, Sci-Fi","2,926"
352,Tekken 3,(1997 Video Game),"Action, Fantasy, Sci-Fi","2,922"
353,DmC: Devil May Cry,(2013 Video Game),"Action, Adventure, Fantasy","2,913"
354,Hitman,(2016 Video Game),"Action, Crime, Mystery","2,902"
355,Diablo,(1996 Video Game),"Action, Adventure, Fantasy","2,900"
356,God of War: Chains of Olympus,(2008 Video Game),"Action, Adventure, Fantasy","2,892"
357,Splinter Cell: Chaos Theory,(2005 Video Game),"Action, Adventure, Thriller","2,871"
358,Silent Hill 4: The Room,(2004 Video Game),"Drama, Horror, Mystery","2,869"
359,Persona 5,(2016 Video Game),"Action, Adventure, Comedy","2,856"
360,League of Legends,(2009 Video Game),"Action, Adventure, Fantasy","2,822"
361,The Lord of the Rings: The Return of the King,(I) (2003 Video Game),"Action, Adventure, Fantasy","2,811"
362,Middle-Earth: Shadow of War,(2017 Video Game),"Action, Adventure, Fantasy","2,809"
363,Mario Kart 8 Deluxe,(2017 Video Game),"Fantasy, Sport","2,809"
364,Fable III,(2010 Video Game),"Action, Adventure, Fantasy","2,806"
365,Fable II,(2008 Video Game),"Action, Adventure, Fantasy","2,803"
366,Splinter Cell: Blacklist,(2013 Video Game),"Action, Adventure, Thriller","2,793"
367,The Stanley Parable,(2013 Video Game),"Adventure, Comedy, Fantasy","2,792"
368,Sonic the Hedgehog 2,(I) (1992 Video Game),"Action, Adventure, Family","2,785"
369,Mafia: Definitive Edition,(2020 Video Game),"Action, Adventure, Crime","2,784"
370,Lego Star Wars: The Video Game,(2005 Video Game),"Action, Adventure, Comedy","2,756"
371,The Dark Pictures: Man of Medan,(2019 Video Game),"Adventure, Horror, Mystery","2,754"
372,Mortal Kombat II,(1993 Video Game),"Action, Fantasy","2,752"
373,The Simpsons: Hit & Run,(2003 Video Game),"Animation, Action, Adventure","2,727"
374,Battlefield V,(2018 Video Game),"Action, Adventure, War","2,723"
375,The Curse of Monkey Island,(1997 Video Game),"Adventure, Comedy, Fantasy","2,723"
376,New Super Mario Bros.,(2006 Video Game),"Action, Adventure, Family","2,714"
377,Lego Star Wars II: The Original Trilogy,(2006 Video Game),"Action, Adventure, Family","2,709"
378,Devil May Cry,(2001 Video Game),"Action, Adventure, Fantasy","2,708"
379,FIFA 14,(2013 Video Game),Sport,"2,692"
380,Battlefield: Hardline,(2015 Video Game),"Action, Crime","2,678"
381,Diablo II: Lord of Destruction,(2001 Video Game),"Action, Adventure, Fantasy","2,667"
382,Marvel's Avengers,(2020 Video Game),"Action, Adventure, Fantasy","2,650"
383,The Walking Dead: The Final Season,(2018 Video Game),"Drama, Horror, Sci-Fi","2,649"
384,Age of Empires III,(2005 Video Game),"Action, Adventure, War","2,633"
385,Call of Duty: Black Ops Cold War,(2020 Video Game),"Action, Drama, Horror","2,628"
386,Lego Batman 2: DC Super Heroes,(2012 Video Game),"Action, Sci-Fi","2,620"
387,Super Mario Galaxy 2,(2010 Video Game),"Action, Adventure, Family","2,606"
388,Scarface: The World Is Yours,(2006 Video Game),"Action, Crime, Drama","2,603"
389,Pokémon Red Version,(1996 Video Game),"Action, Adventure, Fantasy","2,600"
390,Metal Gear Solid 3: Subsistence,(2005 Video Game),"Action, Adventure, Drama","2,587"
391,Ratchet & Clank,(2016 Video Game),"Action, Adventure, Comedy","2,586"
392,Call of Duty: Black Ops 4,(2018 Video Game),"Action, Drama, Horror","2,584"
393,Medal of Honor,(2010 Video Game),"Action, War","2,572"
394,Crash Bandicoot: Warped,(1998 Video Game),"Action, Adventure, Comedy","2,568"
395,Plants vs. Zombies,(2009 Video Game),"Action, Comedy, Family","2,562"
396,Return to Castle Wolfenstein,(2001 Video Game),"Action, Adventure, Fantasy","2,554"
397,It Takes Two,(2021 Video Game),"Adventure, Comedy, Drama","2,551"
398,The Sims 3,(2009 Video Game),Family,"2,551"
399,God of War: Ghost of Sparta,(2010 Video Game),"Action, Adventure, Fantasy","2,512"
400,Metal Gear Rising: Revengeance,(2013 Video Game),"Action, Adventure, Sci-Fi","2,497"
401,Metro Exodus,(2019 Video Game),"Action, Adventure, Horror","2,485"
402,Prince of Persia,(2008 Video Game),"Action, Adventure, Fantasy","2,471"
403,Spider-Man,(2002 Video Game),"Action, Adventure, Crime","2,463"
404,Just Cause 3,(2015 Video Game),"Action, Adventure, Crime","2,452"
405,Need for Speed: Undercover,(2008 Video Game),"Action, Adventure, Crime","2,452"
406,Crash Bandicoot 2: Cortex Strikes Back,(1997 Video Game),"Action, Adventure, Comedy","2,447"
407,Everything or Nothing,(2003 Video Game),"Action, Adventure, Sci-Fi","2,437"
408,Quake,(1996 Video Game),"Action, Adventure, Fantasy","2,437"
409,Shadow of the Colossus,(2018 Video Game),"Action, Adventure, Drama","2,434"
410,Ice Age 2: The Meltdown,(2006 Video Game),"Action, Adventure, Comedy","2,421"
411,Lara Croft Tomb Raider: Legend,(2006 Video Game),"Action, Adventure, Fantasy","2,420"
412,Monkey Island 2: LeChuck's Revenge,(1991 Video Game),"Adventure, Comedy, Fantasy","2,419"
413,Gun,(2005 Video Game),"Action, Adventure, Western","2,399"
414,Manhunt,(2003 Video Game),"Crime, Horror, Thriller","2,396"
415,The Order: 1886,(2015 Video Game),"Action, Fantasy, Horror","2,395"
416,Command & Conquer: Red Alert,(1996 Video Game),"Action, Sci-Fi, War","2,389"
417,Outlast 2,(2017 Video Game),"Action, Adventure, Horror","2,386"
418,Wolfenstein: The Old Blood,(2015 Video Game),"Action, Adventure, Fantasy","2,381"
419,Five Nights at Freddy's,(2014 Video Game),"Horror, Mystery","2,377"
420,Call of Duty: Modern Warfare Remastered,(2016 Video Game),"Action, Thriller","2,376"
421,Resident Evil 0,(2002 Video Game),"Action, Horror, Sci-Fi","2,376"
422,The Legend of Zelda: Skyward Sword,(2011 Video Game),"Action, Adventure, Fantasy","2,374"
423,Reservoir Dogs,(2006 Video Game),"Action, Crime, Drama","2,371"
424,Super Mario 3D World,(2013 Video Game),"Action, Adventure, Family","2,357"
425,Darksiders,(2010 Video Game),"Action, Adventure, Fantasy","2,356"
426,The Evil Within 2,(2017 Video Game),"Action, Adventure, Drama","2,338"
427,Age of Empires,(1997 Video Game),"Action, Adventure, History","2,335"
428,Dragon Age: Origins - Awakening,(2010 Video Game),"Action, Adventure, Fantasy","2,326"
429,Super Mario Kart,(1992 Video Game),"Action, Family, Fantasy","2,326"
430,Super Smash Bros.,(1999 Video Game),"Action, Fantasy","2,324"
431,Star Wars: Jedi Knight - Jedi Academy,(2003 Video Game),"Action, Adventure, Fantasy","2,311"
432,Star Wars: Jedi Knight II - Jedi Outcast,(2002 Video Game),"Action, Adventure, Fantasy","2,310"
433,Mario Kart 8,(2014 Video Game),"Action, Family, Fantasy","2,294"
434,Hollow Knight,(2017 Video Game),"Action, Adventure, Fantasy","2,291"
435,Far Cry 6,(2021 Video Game),"Action, Adventure, Crime","2,289"
436,StarCraft: Brood War,(1998 Video Game),"Action, Adventure, Sci-Fi","2,289"
437,The Sims,(2000 Video Game),"Comedy, Drama","2,286"
438,World of Warcraft: Wrath of the Lich King,(2008 Video Game),"Action, Adventure, Fantasy","2,279"
439,Halo: The Master Chief Collection,(2014 Video Game),"Action, Adventure, Sci-Fi","2,250"
440,Toy Story 2: Buzz Lightyear to the Rescue,(I) (1999 Video Game),"Action, Family","2,245"
441,Far Cry 3: Blood Dragon,(2013 Video Game),"Action, Adventure, Fantasy","2,245"
442,Splinter Cell: Double Agent,(2006 Video Game),"Action, Adventure, Thriller","2,242"
443,Medal of Honor: Allied Assault,(2002 Video Game),"Action, Adventure, War","2,232"
444,Harry Potter and the Order of the Phoenix,(2007 Video Game),"Action, Adventure, Fantasy","2,230"
445,Pac-Man,(1980 Video Game),"Family, Fantasy","2,226"
446,Metal Gear Solid: Peace Walker,(2010 Video Game),"Action, Adventure, Drama","2,225"
447,Wolfenstein 3D,(1992 Video Game),"Action, Adventure, Sci-Fi","2,218"
448,Lego Indiana Jones: The Original Adventures,(2008 Video Game),"Action, Adventure, Comedy","2,215"
449,Life Is Strange 2,(2018 Video Game),"Adventure, Drama, Sci-Fi","2,213"
450,World of Warcraft: The Burning Crusade,(2007 Video Game),"Action, Adventure, Fantasy","2,193"
451,The Outer Worlds,(2019 Video Game),"Action, Adventure, Sci-Fi","2,190"
452,Stray,(2022 Video Game),"Adventure, Sci-Fi","2,187"
453,Saints Row,(2006 Video Game),"Action, Crime, Drama","2,173"
454,Tomb Raider: Underworld,(2008 Video Game),"Action, Adventure, Fantasy","2,170"
455,James Bond 007: Blood Stone,(2010 Video Game),"Action, Adventure, Thriller","2,166"
456,Halo Wars,(2009 Video Game),"Action, Sci-Fi, War","2,160"
457,Iron Man,(2008 Video Game),"Action, Adventure, Sci-Fi","2,159"
458,Devil May Cry 5,(2019 Video Game),"Action, Adventure, Fantasy","2,158"
459,Kingdom Hearts III,(2019 Video Game),"Action, Adventure, Family","2,148"
460,Metal Gear Solid 2: Substance,(2002 Video Game),"Action, Adventure, Drama","2,145"
461,Marvel: Ultimate Alliance,(2006 Video Game),"Action, Adventure, Fantasy","2,144"
462,Hitman: Codename 47,(2000 Video Game),"Action, Crime, Mystery","2,143"
463,Super Metroid,(1994 Video Game),"Action, Adventure, Mystery","2,140"
464,Age of Mythology,(2002 Video Game),"Action, Adventure, Fantasy","2,126"
465,Spyro the Dragon,(1998 Video Game),"Animation, Action, Adventure","2,124"
466,Baldur's Gate II: Shadows of Amn,(2000 Video Game),"Action, Adventure, Fantasy","2,123"
467,BioShock Infinite: Burial at Sea,(2013 Video Game),"Action, Adventure, Mystery","2,121"
468,Mario Kart DS,(2005 Video Game),"Action, Adventure, Crime","2,102"
469,Halo Infinite,(2021 Video Game),"Action, Adventure, Sci-Fi","2,099"
470,Ori and the Blind Forest,(2015 Video Game),"Adventure, Fantasy","2,099"
471,Need for Speed: Hot Pursuit,(2010 Video Game),"Action, Adventure, Crime","2,099"
472,Command & Conquer: Red Alert 3,(2008 Video Game),"Action, Sci-Fi, War","2,098"
473,Burnout Paradise,(2008 Video Game),"Action, Crime, Sport","2,096"
474,FIFA 13,(2012 Video Game),Sport,"2,087"
475,Mario Kart 7,(2011 Video Game),"Action, Fantasy, Sport","2,086"
476,Command & Conquer 3: Tiberium Wars,(2007 Video Game),"Action, Sci-Fi, War","2,084"
477,Bulletstorm,(2011 Video Game),"Action, Adventure, Sci-Fi","2,079"
478,Splinter Cell: Pandora Tomorrow,(2004 Video Game),"Action, Adventure, Thriller","2,079"
479,Deus Ex: Mankind Divided,(2016 Video Game),"Action, Adventure, Drama","2,071"
480,Lego Pirates of the Caribbean: The Video Game,(2011 Video Game),"Action, Adventure, Family","2,071"
481,Mortal Kombat 3,(1995 Video Game),"Action, Fantasy","2,063"
482,Planescape: Torment,(1999 Video Game),"Adventure, Drama, Fantasy","2,060"
483,The Division,(2016 Video Game),"Action, Sci-Fi, Thriller","2,053"
484,Star Wars: Republic Commando,(2005 Video Game),"Action, Adventure, Sci-Fi","2,048"
485,Super Mario World 2: Yoshi's Island,(1995 Video Game),"Action, Adventure, Fantasy","2,048"
486,Quantum Break,(2016 Video Game),"Action, Mystery, Sci-Fi","2,038"
487,PlayerUnknown's Battlegrounds,(2017 Video Game),"Action, Thriller, War","2,038"
488,Tomb Raider II,(1997 Video Game),"Action, Adventure, Fantasy","2,037"
489,Amnesia: The Dark Descent,(2010 Video Game),"Horror, Mystery","2,036"
490,Crash Bandicoot N. Sane Trilogy,(2017 Video Game),"Animation, Action, Adventure","2,032"
491,King Kong: The Official Game of the Movie,(2005 Video Game),"Action, Adventure, Fantasy","2,024"
492,Metroid Prime,(2002 Video Game),"Action, Adventure, Mystery","2,022"
493,Batman: The Enemy Within,(2017 Video Game),"Action, Crime, Drama","2,020"
494,Brütal Legend,(2009 Video Game),"Action, Adventure, Comedy","2,016"
495,Hotline Miami,(2012 Video Game),"Action, Crime, Horror","2,016"
496,Dead Rising 2,(2010 Video Game),"Action, Horror, Thriller","2,016"
497,Need for Speed: Most Wanted,(2012 Video Game),"Action, Adventure, Crime","2,014"
498,Battlefield: Bad Company,(2008 Video Game),"Action, Adventure, Comedy","2,011"
499,South Park: The Fractured but Whole,(2017 Video Game),"Action, Adventure, Comedy","2,005"
500,The Lord of the Rings: The Battle for Middle-Earth,(2004 Video Game),"Action, Adventure, Fantasy","2,000"
501,Outlast: Whistleblower,(2014 Video Game),"Action, Horror, Mystery","1,999"
502,Mario Kart: Double Dash!!,(2003 Video Game),"Action, Family, Fantasy","1,995"
503,Crash Team Racing,(1999 Video Game),"Action, Adventure, Family","1,995"
504,Donkey Kong,(1981 Video Game),Action,"1,982"
505,Killzone 2,(2009 Video Game),"Action, Sci-Fi, War","1,982"
506,The Amazing Spider-Man,(2012 Video Game),"Action, Adventure, Crime","1,981"
507,Guitar Hero III: Legends of Rock,(2007 Video Game),Music,"1,980"
508,Borderlands 3,(2019 Video Game),"Action, Adventure, Comedy","1,979"
509,Super Mario 3D Land,(2011 Video Game),"Action, Adventure, Family","1,974"
510,Street Fighter: The Movie,(1995 Video Game),Action,"1,971"
511,Half-Life: Opposing Force,(1999 Video Game),"Action, Sci-Fi, Thriller","1,966"
512,Jak and Daxter: The Precursor Legacy,(2001 Video Game),"Action, Adventure, Comedy","1,965"
513,Brothers: A Tale of Two Sons,(2013 Video Game),"Adventure, Drama, Fantasy","1,963"
514,Borderlands: The Pre-Sequel!,(2014 Video Game),"Action, Adventure, Comedy","1,961"
515,Mass Effect: Legendary Edition,(2021 Video Game),"Action, Adventure, Drama","1,957"
516,Hitman 2,(2018 Video Game),"Action, Crime, Mystery","1,948"
517,Batman: Return to Arkham,(2016 Video Game),"Action, Adventure, Crime","1,944"
518,The Warriors,(2005 Video Game),"Action, Crime, Thriller","1,942"
519,Blade Runner,(1997 Video Game),"Mystery, Sci-Fi, Thriller","1,935"
520,Lego Harry Potter: Years 1-4,(2010 Video Game),"Action, Adventure, Fantasy","1,935"
521,Far Cry New Dawn,(2019 Video Game),"Action, Adventure, Crime","1,931"
522,Gears of War 4,(2016 Video Game),"Action, Sci-Fi, War","1,930"
523,Monty Python & the Quest for the Holy Grail,(1996 Video Game),"Comedy, Musical","1,930"
524,Stranglehold,(2007 Video Game),"Action, Crime, Thriller","1,922"
525,P.T.,(2014 Video Game),"Horror, Mystery","1,916"
526,Lego Star Wars: The Skywalker Saga,(2022 Video Game),"Action, Adventure, Comedy","1,911"
527,The Walking Dead: Michonne,(2016 Video Game),"Drama, Horror, Thriller","1,905"
528,Prey,(2017 Video Game),"Action, Adventure, Horror","1,903"
529,Titanfall,(2014 Video Game),"Action, Sci-Fi, War","1,903"
530,Day of the Tentacle,(1993 Video Game),"Adventure, Comedy, Sci-Fi","1,902"
531,Bayonetta,(2009 Video Game),"Action, Adventure, Fantasy","1,901"
532,Command & Conquer,(1995 Video Game),"Action, Sci-Fi, War","1,900"
533,Soma,(2015 Video Game),"Drama, Horror, Mystery","1,899"
534,Civilization V,(2010 Video Game),History,"1,898"
535,Quake III: Arena,(1999 Video Game),"Action, Sci-Fi","1,897"
536,Quake II,(1997 Video Game),"Action, Sci-Fi","1,896"
537,Tomb Raider: Anniversary,(2007 Video Game),"Action, Adventure, Fantasy","1,895"
538,Lego Star Wars III: The Clone Wars,(2011 Video Game),"Action, Adventure, Comedy","1,894"
539,Ghost Recon: Wildlands,(2017 Video Game),"Action, Adventure, Crime","1,890"
540,Horizon Zero Dawn: The Frozen Wilds,(2017 Video Game),"Action, Adventure, Sci-Fi","1,890"
541,Gone Home,(2013 Video Game),"Drama, Mystery","1,885"
542,Coraline,(2009 Video Game),"Action, Adventure, Fantasy","1,882"
543,The Punisher,(2004 Video Game),"Action, Adventure, Crime","1,870"
544,Terminator 2: Judgment Day,(I) (1991 Video Game),"Action, Adventure, Sci-Fi","1,865"
545,The Dark Pictures: Little Hope,(2020 Video Game),"Horror, Mystery, Thriller","1,860"
546,LittleBigPlanet,(2008 Video Game),"Adventure, Fantasy","1,860"
547,The Lion King,(1994 Video Game),"Action, Adventure, Family","1,853"
548,Dota 2,(2013 Video Game),"Action, Adventure, Fantasy","1,852"
549,Tekken 5,(2004 Video Game),"Action, Fantasy","1,852"
550,Medal of Honor,(1999 Video Game),"Action, Adventure, War","1,850"
551,Baldur's Gate,(1998 Video Game),"Action, Adventure, Fantasy","1,849"
552,Darksiders II,(2012 Video Game),"Action, Adventure, Fantasy","1,849"
553,Sonic 3,(1994 Video Game),"Action, Adventure, Family","1,842"
554,Fallout 76,(2018 Video Game),"Action, Adventure, Sci-Fi","1,839"
555,Ratchet & Clank,(2002 Video Game),"Action, Adventure, Comedy","1,835"
556,Vampire: The Masquerade - Bloodlines,(2004 Video Game),"Action, Drama, Fantasy","1,834"
557,Star Wars: Episode III - Revenge of the Sith,(2005 Video Game),"Action, Adventure, Sci-Fi","1,830"
558,Half-Life: Blue Shift,(2001 Video Game),"Action, Sci-Fi, Thriller","1,829"
559,The Darkness,(2007 Video Game),"Action, Crime, Drama","1,824"
560,Rayman Legends,(2013 Video Game),"Action, Adventure, Comedy","1,811"
561,FIFA 17,(2016 Video Game),Sport,"1,808"
562,Hades,(2018 Video Game),"Action, Adventure, Fantasy","1,807"
563,FIFA Soccer 12,(2011 Video Game),Sport,"1,806"
564,Banjo-Kazooie,(1998 Video Game),"Action, Adventure, Comedy","1,803"
565,Angry Birds,(2009 Video Game),"Action, Family","1,798"
566,Super Smash Bros. for Wii U,(2014 Video Game),"Action, Adventure, Fantasy","1,789"
567,Warcraft II: Tides of Darkness,(1995 Video Game),Fantasy,"1,788"
568,Silent Hill: Homecoming,(2008 Video Game),"Horror, Mystery, Thriller","1,781"
569,Spider-Man,(2000 Video Game),"Action, Adventure, Fantasy","1,777"
570,The Lord of the Rings: The Battle for Middle-Earth II,(2006 Video Game),"Action, Adventure, Fantasy","1,776"
571,Game of Thrones,(2012 Video Game),"Action, Adventure, Fantasy","1,772"
572,Street Fighter II: The World Warrior,(1991 Video Game),"Action, Sci-Fi","1,768"
573,F.E.A.R. 2: Project Origin,(2009 Video Game),"Action, Horror, Mystery","1,768"
574,Prince of Persia: The Forgotten Sands,(I) (2010 Video Game),"Action, Adventure, Fantasy","1,757"
575,Donkey Kong Country 2: Diddy's Kong Quest,(1995 Video Game),"Action, Adventure","1,756"
576,Prototype 2,(2012 Video Game),"Action, Adventure, Horror","1,750"
577,Resistance: Fall of Man,(2006 Video Game),"Action, Sci-Fi, Thriller","1,745"
578,Lego Batman 3: Beyond Gotham,(2014 Video Game),"Animation, Action, Adventure","1,743"
579,Fall Guys: Ultimate Knockout,(2020 Video Game),"Adventure, Comedy, Family","1,741"
580,Dante's Inferno,(2010 Video Game),"Action, Adventure, Fantasy","1,738"
581,Duck Hunt,(1984 Video Game),"Action, Sport","1,738"
582,Psychonauts,(2005 Video Game),"Action, Adventure, Comedy","1,734"
583,Ryse: Son of Rome,(2013 Video Game),"Action, Adventure, History","1,733"
584,Duke Nukem Forever,(2011 Video Game),"Action, Adventure, Comedy","1,723"
585,Ico,(2001 Video Game),"Adventure, Drama, Fantasy","1,714"
586,Diablo III: Reaper of Souls,(2014 Video Game),"Action, Adventure, Fantasy","1,711"
587,Unreal Tournament,(1999 Video Game),"Action, Sci-Fi","1,708"
588,Lylat Wars,(1997 Video Game),"Action, Adventure, Fantasy","1,702"
589,Resident Evil HD Remaster,(2015 Video Game),"Action, Crime, Drama","1,700"
590,FIFA 18,(2017 Video Game),Sport,"1,698"
591,Tekken 2,(1995 Video Game),"Action, Fantasy","1,698"
592,Zelda II: The Adventure of Link,(1987 Video Game),"Action, Adventure, Fantasy","1,698"
593,Medal of Honor: Frontline,(2002 Video Game),"Action, Adventure, War","1,690"
594,Rome: Total War,(2004 Video Game),"Action, Adventure, War","1,684"
595,New Super Mario Bros. 2,(2012 Video Game),"Action, Adventure, Family","1,683"
596,Killzone 3,(2011 Video Game),"Action, Sci-Fi, War","1,680"
597,The Last of Us: Part I,(2022 Video Game),"Action, Adventure, Drama","1,672"
598,Kingdom Hearts: Birth by Sleep,(2010 Video Game),"Action, Adventure, Family","1,670"
599,Command & Conquer: Tiberian Sun,(1999 Video Game),"Action, Sci-Fi, War","1,668"
600,FIFA 19,(2018 Video Game),Sport,"1,667"
601,Terraria,(2011 Video Game),"Action, Adventure, Fantasy","1,666"
602,Rage,(2011 Video Game),"Action, Adventure, Sci-Fi","1,658"
603,Bloodborne: The Old Hunters,(2015 Video Game),"Action, Adventure, Fantasy","1,657"
604,Castlevania: Symphony of the Night,(1997 Video Game),"Action, Adventure, Fantasy","1,656"
605,The Chronicles of Riddick: Assault on Dark Athena,(2009 Video Game),"Action, Adventure, Sci-Fi","1,652"
606,The Legend of Zelda: A Link Between Worlds,(2013 Video Game),"Action, Adventure, Fantasy","1,652"
607,Resident Evil Revelations,(2012 Video Game),"Action, Horror, Mystery","1,648"
608,Need for Speed: The Run,(2011 Video Game),"Action, Adventure, Crime","1,645"
609,Metal Gear Solid: The Twin Snakes,(2004 Video Game),"Action, Adventure, Drama","1,643"
610,Mortal Kombat vs. DC Universe,(2008 Video Game),"Action, Adventure, Fantasy","1,639"
611,Pokémon Gold Version,(1999 Video Game),"Action, Adventure, Fantasy","1,635"
612,Lego Star Wars: The Force Awakens,(2016 Video Game),"Action, Adventure, Comedy","1,626"
613,Indiana Jones and the Fate of Atlantis,(1992 Video Game),"Action, Adventure, Fantasy","1,621"
614,Doki Doki Literature Club!,(2017 Video Game),"Drama, Horror, Romance","1,619"
615,Full Throttle,(1995 Video Game),"Action, Adventure, Crime","1,616"
616,The Sims 4,(2014 Video Game),Fantasy,"1,607"
617,Halo: Combat Evolved Anniversary,(2011 Video Game),"Action, Adventure, Sci-Fi","1,607"
618,Yakuza 0,(2015 Video Game),"Action, Crime, Drama","1,606"
619,Enslaved: Odyssey to the West,(2010 Video Game),"Action, Adventure, Sci-Fi","1,606"
620,Payday 2,(2013 Video Game),"Action, Crime","1,599"
621,Wolfenstein,(2009 Video Game),"Action, Adventure, Fantasy","1,596"
622,StarCraft II: Heart of the Swarm,(2013 Video Game),"Action, Adventure, Sci-Fi","1,579"
623,The Lord of the Rings: The Battle for Middle-earth II - The Rise of the Witch-king,(2006 Video Game),"Action, Adventure, Fantasy","1,576"
624,Devil May Cry 2,(2003 Video Game),"Action, Adventure, Fantasy","1,570"
625,Sonic & Knuckles,(1994 Video Game),"Action, Adventure, Family","1,569"
626,Jak II,(2003 Video Game),"Action, Adventure, Comedy","1,567"
627,Perfect Dark,(I) (2000 Video Game),"Action, Adventure, Sci-Fi","1,565"
628,Battlefield 2,(2005 Video Game),"Action, War","1,561"
629,Friday the 13th: The Game,(2017 Video Game),"Horror, Thriller","1,553"
630,Mortal Kombat: Armageddon,(2006 Video Game),"Action, Adventure, Fantasy","1,552"
631,FIFA 20,(2019 Video Game),Sport,"1,547"
632,Crash Bandicoot: The Wrath of Cortex,(2001 Video Game),"Action, Adventure, Comedy","1,544"
633,Contra,(1987 Video Game),"Action, Adventure, Sci-Fi","1,544"
634,Spider-Man: Shattered Dimensions,(2010 Video Game),"Action, Adventure, Fantasy","1,543"
635,Guitar Hero II,(2006 Video Game),Music,"1,543"
636,Medal of Honor: Warfighter,(2012 Video Game),"Action, Adventure, War","1,542"
637,Forza Horizon 4,(2018 Video Game),"Action, Adventure, Crime","1,540"
638,Pokémon: Yellow Version,(1998 Video Game),"Action, Adventure, Fantasy","1,538"
639,FIFA 16,(2015 Video Game),Sport,"1,534"
640,New Super Mario Bros. U,(2012 Video Game),"Action, Adventure, Family","1,534"
641,Jak 3,(2004 Video Game),"Action, Adventure, Comedy","1,525"
642,Final Fantasy,(1987 Video Game),"Adventure, Fantasy","1,525"
643,The Matrix: Path of Neo,(2005 Video Game),"Action, Adventure, Fantasy","1,523"
644,Cars,(2006 Video Game),"Action, Sport","1,522"
645,Harry Potter and the Prisoner of Azkaban,(I) (2004 Video Game),"Action, Adventure, Fantasy","1,522"
646,Tomb Raider III: Adventures of Lara Croft,(1998 Video Game),"Action, Adventure, Fantasy","1,522"
647,Sonic Adventure 2,(2001 Video Game),"Action, Adventure, Fantasy","1,519"
648,Rainbow Six: Vegas 2,(2008 Video Game),"Action, Crime, Thriller","1,519"
649,Gears of War: Judgment,(2013 Video Game),"Action, Sci-Fi, War","1,515"
650,Tomorrow Never Dies,(1999 Video Game),"Action, Adventure","1,515"
651,Garry's Mod,(2004 Video Game),"Action, Adventure, Sci-Fi","1,514"
652,XCOM: Enemy Unknown,(2012 Video Game),"Action, Sci-Fi, Thriller","1,513"
653,Life Is Strange: True Colors,(2021 Video Game),"Drama, Mystery, Sci-Fi","1,506"
654,S.T.A.L.K.E.R.: Shadow of Chernobyl,(2007 Video Game),"Action, Adventure, Horror","1,504"
655,Dino Crisis,(1999 Video Game),"Action, Adventure, Horror","1,503"
656,Ultimate Mortal Kombat 3,(1995 Video Game),"Action, Fantasy","1,503"
657,Crysis Warhead,(2008 Video Game),"Action, Adventure, Sci-Fi","1,502"
658,Castlevania: Lords of Shadow,(2010 Video Game),"Action, Adventure, Fantasy","1,501"
659,Wii Sports Resort,(2009 Video Game),"Action, Family, Sport","1,501"
660,Civilization IV,(2005 Video Game),,"1,500"
661,Demon's Souls,(2009 Video Game),"Action, Adventure, Fantasy","1,496"
662,Valiant Hearts: The Great War,(2014 Video Game),"Adventure, Drama, History","1,494"
663,Persona 5 Royal,(2019 Video Game),"Action, Adventure, Comedy","1,491"
664,Alice,(2000 Video Game),"Action, Adventure, Fantasy","1,491"
665,Final Fantasy IV,(1991 Video Game),"Action, Adventure, Fantasy","1,491"
666,Command & Conquer: Yuri's Revenge,(2001 Video Game),"Action, Sci-Fi, War","1,486"
667,Tony Hawk's Pro Skater 2,(2000 Video Game),Sport,"1,484"
668,Lego Harry Potter: Years 5-7,(2011 Video Game),"Action, Adventure, Fantasy","1,481"
669,Fortnite: Chapter 2,(2019 Video Game),"Action, Adventure, Fantasy","1,479"
670,Tekken 6,(2007 Video Game),"Action, Adventure, Drama","1,477"
671,Ghost Recon: Future Soldier,(2012 Video Game),"Action, Adventure, Sci-Fi","1,474"
672,Mortal Kombat 4,(1997 Video Game),"Action, Fantasy, Sci-Fi","1,472"
673,Nightfire,(2002 Video Game),"Action, Adventure","1,468"
674,Gears 5,(2019 Video Game),"Action, Adventure, Sci-Fi","1,465"
675,Five Nights at Freddy's 2,(2014 Video Game),"Horror, Mystery","1,465"
676,Super Mario RPG: Legend of the Seven Stars,(1996 Video Game),"Action, Adventure, Fantasy","1,464"
677,Minecraft: Story Mode - A Telltale Games Series,(2015 Video Game),"Adventure, Comedy, Fantasy","1,463"
678,Resident Evil Revelations 2,(2015 Video Game),"Action, Horror, Mystery","1,461"
679,The Last Guardian,(2016 Video Game),"Adventure, Drama, Fantasy","1,460"
680,Persona 4 Golden,(2012 Video Game),"Action, Adventure, Comedy","1,456"
681,Beyond Good & Evil,(2003 Video Game),"Action, Adventure, Mystery","1,453"
682,True Crime: Streets of LA,(2003 Video Game),"Action, Crime, Thriller","1,449"
683,"Crouching Tiger, Hidden Dragon",(2003 Video Game),"Action, Adventure, Drama","1,449"
684,Kane & Lynch: Dead Men,(2007 Video Game),"Action, Crime, Drama","1,449"
685,Tekken,(1994 Video Game),"Action, Fantasy, Sci-Fi","1,449"
686,The Darkness II,(2012 Video Game),"Action, Crime, Drama","1,443"
687,The Elder Scrolls Online,(2014 Video Game),"Action, Adventure, Fantasy","1,442"
688,Night at the Museum: Battle of the Smithsonian,(2009 Video Game),"Action, Adventure, Fantasy","1,438"
689,"Papers, Please",(2013 Video Game),"Drama, Thriller","1,438"
690,Animal Crossing: New Horizons,(2020 Video Game),"Adventure, Fantasy","1,437"
691,Medal of Honor: Airborne,(2007 Video Game),"Action, Adventure, War","1,431"
692,Aliens vs. Predator 3,(2010 Video Game),"Action, Horror, Sci-Fi","1,428"
693,Condemned: Criminal Origins,(2005 Video Game),"Action, Crime, Horror","1,425"
694,Pokémon FireRed Version,(2004 Video Game),"Action, Adventure, Fantasy","1,425"
695,Need for Speed: Rivals,(2013 Video Game),"Action, Adventure, Crime","1,424"
696,Harry Potter and the Sorcerer's Stone,(I) (2001 Video Game),"Action, Adventure, Fantasy","1,423"
697,No Man's Sky,(2016 Video Game),"Adventure, Sci-Fi","1,423"
698,Ratchet & Clank 3,(2004 Video Game),"Action, Adventure, Comedy","1,421"
699,Luigi's Mansion,(2001 Video Game),"Adventure, Family, Fantasy","1,419"
700,The Legend of Zelda: Link's Awakening,(1993 Video Game),"Action, Adventure, Fantasy","1,418"
701,Need for Speed: Hot Pursuit 2,(2002 Video Game),"Action, Adventure, Crime","1,418"
702,Metroid,(1986 Video Game),"Action, Adventure, Mystery","1,416"
703,Lego Jurassic World,(2015 Video Game),"Action, Adventure, Sci-Fi","1,412"
704,Super Mario 64 DS,(2004 Video Game),"Action, Adventure, Fantasy","1,407"
705,Goat Simulator,(2014 Video Game),"Action, Adventure, Comedy","1,406"
706,Sonic Adventure,(1998 Video Game),"Action, Adventure, Fantasy","1,406"
707,Super Mario Bros.: The Lost Levels,(1986 Video Game),"Action, Adventure, Family","1,402"
708,Mario Bros.,(I) (1983 Video Game),"Action, Fantasy","1,401"
709,Escape from Monkey Island,(2000 Video Game),"Adventure, Comedy, Fantasy","1,399"
710,Spyro: Year of the Dragon,(2000 Video Game),"Action, Adventure, Fantasy","1,398"
711,The World Is Not Enough,(2000 Video Game),"Action, Thriller, Adventure","1,398"
712,Killzone: Shadow Fall,(2013 Video Game),"Action, Adventure, Sci-Fi","1,395"
713,Battlefield 1942,(2002 Video Game),"Action, Adventure, War","1,393"
714,Ultimate Spider-Man,(2005 Video Game),"Action, Adventure, Crime","1,392"
715,Roblox,(2004 Video Game),"Action, Adventure, Family","1,389"
716,Spyro 2: Ripto's Rage!,(1999 Video Game),"Action, Adventure, Fantasy","1,389"
717,Conker's Bad Fur Day,(2001 Video Game),"Action, Adventure, Comedy","1,388"
718,Lego Marvel's Avengers,(2016 Video Game),"Action, Adventure, Fantasy","1,386"
719,Dead by Daylight,(2016 Video Game),"Adventure, Horror, Thriller","1,382"
720,Postal 2,(2003 Video Game),"Action, Comedy, Crime","1,380"
721,Call of Duty: Vanguard,(2021 Video Game),"Action, Drama, Horror","1,379"
722,The Legend of Zelda: The Wind Waker HD,(2013 Video Game),"Action, Adventure, Fantasy","1,379"
723,Worms,(1995 Video Game),"Action, Comedy, Sport","1,378"
724,Super Meat Boy,(2010 Video Game),"Action, Adventure, Comedy","1,377"
725,Pokémon Emerald Version,(2004 Video Game),"Action, Adventure, Fantasy","1,374"
726,Spider-Man: Web of Shadows,(2008 Video Game),"Action, Adventure, Crime","1,371"
727,Quake 4,(2005 Video Game),"Action, Sci-Fi, Thriller","1,371"
728,Harry Potter and the Goblet of Fire,(2005 Video Game),"Action, Adventure, Fantasy","1,370"
729,Little Nightmares II,(2021 Video Game),"Adventure, Horror","1,369"
730,Sonic Mania,(2017 Video Game),"Animation, Action, Adventure","1,369"
731,Hearthstone: Heroes of Warcraft,(2014 Video Game),"Adventure, Comedy, Fantasy","1,358"
732,Mortal Kombat Trilogy,(1996 Video Game),"Action, Fantasy","1,358"
733,Star Wars: Jedi Knight - Dark Forces II,(1997 Video Game),"Action, Adventure, Fantasy","1,357"
734,Ratchet & Clank: Rift Apart,(2021 Video Game),"Action, Adventure, Comedy","1,355"
735,Subnautica,(2018 Video Game),"Adventure, Horror, Mystery","1,352"
736,Assassin's Creed III: Liberation,(2012 Video Game),"Action, Adventure, History","1,352"
737,Street Fighter IV,(2008 Video Game),"Action, Fantasy, Sci-Fi","1,351"
738,GoldenEye,(2010 Video Game),"Action, Adventure, Thriller","1,350"
739,Lego the Lord of the Rings: The Video Game,(2012 Video Game),"Action, Adventure, Fantasy","1,349"
740,Worms Armageddon,(1999 Video Game),"Action, Comedy, War","1,348"
741,Alice: Madness Returns,(2011 Video Game),"Action, Adventure, Fantasy","1,343"
742,Teenage Mutant Ninja Turtles IV: Turtles in Time,(1991 Video Game),"Action, Adventure, Sci-Fi","1,342"
743,Red Dead Revolver,(2004 Video Game),"Action, Adventure, Drama","1,340"
744,Tekken 4,(2001 Video Game),"Action, Comedy, Drama","1,339"
745,The Incredibles,(2004 Video Game),"Animation, Action, Adventure","1,337"
746,Donkey Kong 64,(1999 Video Game),"Action, Adventure, Comedy","1,329"
747,Ratchet & Clank 2: Locked and Loaded,(2003 Video Game),"Action, Adventure, Comedy","1,329"
748,Crisis Core: Final Fantasy VII,(2007 Video Game),"Action, Adventure, Drama","1,327"
749,FIFA Soccer 11,(2010 Video Game),Sport,"1,327"
750,The Amazing Spider-Man 2,(2014 Video Game),"Action, Adventure, Crime","1,323"
751,Rainbow Six: Vegas,(2006 Video Game),"Action, Crime, Thriller","1,320"
752,Command & Conquer: Generals,(2003 Video Game),"Action, War","1,318"
753,Teenage Mutant Ninja Turtles II: The Arcade Game,(1989 Video Game),"Action, Adventure, Sci-Fi","1,317"
754,Watch Dogs: Legion,(2020 Video Game),"Action, Crime, Drama","1,316"
755,Killzone,(2004 Video Game),"Action, Sci-Fi, War","1,315"
756,Okami,(2006 Video Game),"Action, Adventure, Fantasy","1,313"
757,Genshin Impact,(2020 Video Game),"Action, Adventure, Fantasy","1,311"
758,Resistance 2,(2008 Video Game),"Action, Sci-Fi, Thriller","1,310"
759,Sonic Unleashed,(2008 Video Game),"Action, Adventure, Family","1,308"
760,World of Warcraft: Cataclysm,(2010 Video Game),"Action, Adventure, Fantasy","1,307"
761,Metal Gear,(1987 Video Game),"Action, Adventure, Sci-Fi","1,306"
762,Castlevania,(I) (1986 Video Game),"Action, Adventure, Fantasy","1,305"
763,Kingdom Hearts II: Final Mix+,(2007 Video Game),"Action, Adventure, Family","1,304"
764,Transformers: Revenge of the Fallen,(2009 Video Game),"Action, Adventure, Sci-Fi","1,302"
765,Call of Duty: Modern Warfare II,(2022 Video Game),Action,"1,298"
766,FIFA 21,(2020 Video Game),Sport,"1,294"
767,Thief,(2014 Video Game),"Action, Adventure, Crime","1,291"
768,The Godfather II,(2009 Video Game),"Action, Crime, Drama","1,289"
769,inFamous: First Light,(2014 Video Game),"Action, Adventure, Fantasy","1,289"
770,The Dark Pictures: House of Ashes,(2021 Video Game),"Action, Adventure, Horror","1,288"
771,Hitman 3,(2021 Video Game),"Action, Crime, Mystery","1,288"
772,ARK: Survival Evolved,(2015 Video Game),"Action, Adventure, Fantasy","1,286"
773,Unreal Tournament 2004,(2004 Video Game),"Action, Sci-Fi","1,281"
774,Abzû,(2016 Video Game),"Adventure, Fantasy","1,279"
775,Paper Mario,(2000 Video Game),"Adventure, Fantasy","1,278"
776,Sly Raccoon,(2002 Video Game),"Animation, Action, Adventure","1,276"
777,Warcraft: Orcs & Humans,(1994 Video Game),"Action, Adventure, Fantasy","1,275"
778,Sonic Generations,(I) (2011 Video Game),"Action, Adventure, Family","1,273"
779,Dead Island Riptide,(2013 Video Game),"Action, Adventure, Horror","1,271"
780,Superhot,(2016 Video Game),"Action, Sci-Fi","1,267"
781,Double Dragon,(1987 Video Game),"Action, Family, Fantasy","1,266"
782,The Simpsons Game,(2007 Video Game),"Action, Adventure, Comedy","1,265"
783,The Awesome Adventures of Captain Spirit,(2018 Video Game),Drama,"1,262"
784,Aliens: Colonial Marines,(2013 Video Game),"Action, Horror, Sci-Fi","1,261"
785,Call of Duty: Warzone,(2020 Video Game),"Action, Adventure, War","1,258"
786,Soulcalibur II,(2003 Video Game),"Action, Adventure, Fantasy","1,256"
787,Kingdom Come: Deliverance,(2018 Video Game),"Adventure, Drama, History","1,255"
788,Need for Speed: ProStreet,(2007 Video Game),"Action, Sport","1,255"
789,World of Warcraft: Mists of Pandaria,(2012 Video Game),"Action, Adventure, Fantasy","1,255"
790,Baldur's Gate II: Throne of Bhaal,(2001 Video Game),"Action, Adventure, Fantasy","1,253"
791,Murdered: Soul Suspect,(2014 Video Game),"Crime, Fantasy, Horror","1,246"
792,Driver,(1999 Video Game),"Action, Crime, Thriller","1,246"
793,Five Nights at Freddy's 3,(2015 Video Game),"Horror, Mystery","1,242"
794,Heroes of Might and Magic III: The Restoration of Erathia,(1999 Video Game),"Action, Adventure, Fantasy","1,242"
795,Shenmue,(1999 Video Game),"Action, Adventure, Crime","1,241"
796,Mortal Kombat: Mystification,(2004 Video Game),"Action, Adventure, Fantasy","1,240"
797,Sonic Mania Plus,(2018 Video Game),"Action, Adventure, Family","1,237"
798,Sonic Boom: Rise of Lyric,(2014 Video Game),"Action, Adventure, Family","1,237"
799,Tony Hawk's Pro Skater 3,(2001 Video Game),Sport,"1,232"
800,Star Wars: The Force Unleashed - Ultimate Sith Edition,(2009 Video Game),"Action, Adventure, Fantasy","1,230"
801,Journey to the Center of the Earth,(2008 Video Game),"Action, Adventure, Fantasy","1,229"
802,Pokémon X,(2013 Video Game),"Action, Adventure, Family","1,229"
803,Sonic the Hedgehog,(2006 Video Game),"Action, Adventure, Family","1,228"
804,Ori and the Will of the Wisps,(2020 Video Game),"Adventure, Fantasy","1,225"
805,Medal of Honor: Pacific Assault,(2004 Video Game),"Action, Adventure, War","1,225"
806,Dying Light 2: Stay Human,(2022 Video Game),"Action, Adventure, Horror","1,224"
807,Super Mario Land,(1989 Video Game),"Action, Adventure, Family","1,220"
808,The Incredible Hulk,(2008 Video Game),"Action, Adventure, Sci-Fi","1,217"
809,Ratchet & Clank: Tools of Destruction,(2007 Video Game),"Action, Adventure, Comedy","1,217"
810,Tomb Raider: The Last Revelation,(1999 Video Game),"Action, Adventure, Fantasy","1,213"
811,Pokémon Go,(2016 Video Game),"Action, Adventure, Family","1,213"
812,The Lord of the Rings: The Third Age,(I) (2004 Video Game),"Action, Adventure, Fantasy","1,210"
813,Medieval II: Total War,(2006 Video Game),"Action, History, War","1,205"
814,The Meaning of Life,(1997 Video Game),"Comedy, Musical","1,205"
815,F.3.A.R.,(2011 Video Game),"Action, Adventure, Horror","1,200"
816,Dreamfall: The Longest Journey,(2006 Video Game),"Adventure, Drama, Fantasy","1,198"
817,Star Wars: Episode I - The Phantom Menace,(1999 Video Game),"Action, Adventure, Fantasy","1,197"
818,Stardew Valley,(2016 Video Game),"Adventure, Family, Fantasy","1,193"
819,Mortal Kombat: Deadly Alliance,(I) (2002 Video Game),"Action, Adventure, Fantasy","1,192"
820,Mega Man II,(1988 Video Game),"Action, Adventure, Sci-Fi","1,192"
821,Prince of Persia,(1989 Video Game),"Action, Adventure, Fantasy","1,191"
822,Need for Speed III: Hot Pursuit,(1998 Video Game),"Action, Adventure, Crime","1,185"
823,Tekken Tag Tournament,(1999 Video Game),"Action, Fantasy, Sci-Fi","1,185"
824,Lego Indiana Jones 2: The Adventure Continues,(2009 Video Game),"Action, Adventure, Family","1,180"
825,Sly 2: Band of Thieves,(2004 Video Game),"Action, Adventure, Comedy","1,173"
826,Marvel: Ultimate Alliance 2,(2009 Video Game),"Action, Adventure, Fantasy","1,172"
827,Homefront,(2011 Video Game),"Action, Thriller, War","1,171"
828,FIFA 15,(2014 Video Game),Sport,"1,171"
829,Fantastic Four,(2005 Video Game),"Action, Adventure, Fantasy","1,168"
830,Pokémon: Blue Version,(1996 Video Game),"Action, Adventure, Fantasy","1,168"
831,Paper Mario: The Thousand-Year Door,(2004 Video Game),"Adventure, Fantasy","1,167"
832,Metal Gear Solid,(2000 Video Game),"Action, Adventure, Sci-Fi","1,166"
833,For Honor,(2017 Video Game),"Action, Adventure, Fantasy","1,163"
834,Celeste,(2018 Video Game),"Action, Adventure, Comedy","1,163"
835,Astro's Playroom,(2020 Video Game),"Animation, Adventure, Comedy","1,162"
836,Persona 4,(2008 Video Game),"Action, Adventure, Comedy","1,160"
837,Oxenfree,(2016 Video Game),"Adventure, Drama, Mystery","1,159"
838,The Legend of Zelda: Ocarina of Time 3D,(2011 Video Game),"Action, Adventure, Family","1,159"
839,The Longest Journey,(1999 Video Game),"Adventure, Drama, Fantasy","1,156"
840,System Shock 2,(1999 Video Game),"Action, Adventure, Horror","1,154"
841,Pokémon Ruby Version,(2002 Video Game),"Action, Adventure, Family","1,152"
842,Donkey Kong Country 3: Dixie Kong's Double Trouble!,(1996 Video Game),"Action, Adventure","1,151"
843,The Saboteur,(2009 Video Game),"Action, Adventure, Thriller","1,148"
844,Mirror's Edge: Catalyst,(2016 Video Game),"Action, Adventure, Sci-Fi","1,143"
845,Tekken 7,(2015 Video Game),"Action, Adventure, Drama","1,141"
846,FIFA 10,(2009 Video Game),Sport,"1,141"
847,Spyro Reignited Trilogy,(2018 Video Game),"Animation, Action, Adventure","1,140"
848,Star Wars: Episode I - Racer,(1999 Video Game),"Action, Adventure, Sci-Fi","1,138"
849,Metal Gear 2: Solid Snake,(1990 Video Game),"Action, Adventure, Sci-Fi","1,138"
850,Silent Hill: Downpour,(2011 Video Game),"Crime, Horror, Mystery","1,137"
851,Ratchet & Clank: A Crack in Time,(2009 Video Game),"Action, Adventure, Comedy","1,136"
852,Medal of Honor: Rising Sun,(2003 Video Game),"Action, Adventure, War","1,136"
853,FIFA 22,(2021 Video Game),Sport,"1,134"
854,"Grand Theft Auto: London, 1969",(1999 Video Game),"Action, Crime","1,133"
855,Broken Sword: The Shadow of the Templars,(1996 Video Game),"Adventure, Comedy, Drama","1,133"
856,Dead Rising 3,(2013 Video Game),"Action, Horror, Thriller","1,131"
857,Need for Speed,(2015 Video Game),"Action, Adventure, Sport","1,130"
858,Silent Hill: Origins,(2007 Video Game),"Drama, Horror, Mystery","1,123"
859,Mega Man,(1987 Video Game),"Action, Adventure, Sci-Fi","1,123"
860,Bastion,(2011 Video Game),"Action, Adventure, Fantasy","1,119"
861,Crazy Taxi,(1999 Video Game),"Action, Comedy","1,118"
862,Clash of Clans,(2012 Video Game),"Action, Fantasy","1,115"
863,Happy Wheels,(2010 Video Game),"Action, Comedy","1,112"
864,Nioh,(2017 Video Game),"Action, Adventure, Fantasy","1,110"
865,Rayman Origins,(2011 Video Game),"Action, Adventure, Comedy","1,109"
866,Superman Returns,(2006 Video Game),"Action, Adventure, Sci-Fi","1,108"
867,Super Mario All-Stars - 25th Anniversary Edition,(1993 Video Game),"Action, Adventure, Family","1,108"
868,Vampyr,(2018 Video Game),"Action, Adventure, Crime","1,106"
869,Neverwinter Nights,(2002 Video Game),"Action, Adventure, Fantasy","1,105"
870,Animal Crossing: New Leaf,(2012 Video Game),Family,"1,100"
871,The Walking Dead: Survival Instinct,(2013 Video Game),"Action, Horror","1,096"
872,Sonic Heroes,(2003 Video Game),"Action, Adventure, Fantasy","1,096"
873,Lara Croft Tomb Raider: The Angel of Darkness,(2003 Video Game),"Action, Adventure, Fantasy","1,095"
874,Jade Empire,(2005 Video Game),"Action, Adventure, Fantasy","1,095"
875,CR: Enter the Matrix,(2009 Video Game),"Action, Adventure, Family","1,095"
876,Tony Hawk's Pro Skater,(1999 Video Game),"Action, Sport","1,094"
877,Pirates of the Caribbean,(2003 Video Game),"Adventure, Fantasy","1,093"
878,Kingdom Hearts: 358/2 Days,(2009 Video Game),"Action, Adventure, Family","1,092"
879,Pokémon Y,(2013 Video Game),"Action, Adventure, Family","1,092"
880,Need for Speed: Payback,(2017 Video Game),"Action, Adventure, Crime","1,085"
881,Alan Wake's American Nightmare,(2012 Video Game),"Action, Horror, Mystery","1,085"
882,EarthBound,(1994 Video Game),"Adventure, Comedy, Fantasy","1,084"
883,Sonic Forces,(2017 Video Game),"Action, Adventure, Family","1,083"
884,Aliens vs. Predator 2,(2001 Video Game),"Action, Horror, Sci-Fi","1,083"
885,Saints Row: Gat Out of Hell,(2015 Video Game),"Action, Comedy, Fantasy","1,079"
886,Pokémon Silver Version,(1999 Video Game),"Action, Adventure, Fantasy","1,079"
887,Pirates of the Caribbean: At World's End,(2007 Video Game),"Action, Adventure, Fantasy","1,077"
888,LittleBigPlanet 2,(2011 Video Game),"Adventure, Fantasy","1,077"
889,Doom 3: Resurrection of Evil,(2005 Video Game),"Action, Horror, Sci-Fi","1,077"
890,Heavenly Sword,(2007 Video Game),"Action, Adventure, Fantasy","1,075"
891,Streets of Rage,(1991 Video Game),"Action, Adventure, Crime","1,075"
892,Erica,(2019 Video Game),"Adventure, Drama, Thriller","1,068"
893,Civilization VI,(2016 Video Game),History,"1,067"
894,Sunset Overdrive,(2014 Video Game),"Action, Adventure, Comedy","1,065"
895,Prey,(2006 Video Game),"Action, Horror, Sci-Fi","1,062"
896,Star Wars: Dark Forces,(1995 Video Game),"Action, Adventure, Sci-Fi","1,060"
897,Counter-Strike: Condition Zero,(2004 Video Game),"Action, Crime","1,058"
898,Crash Bash,(2000 Video Game),"Action, Family, Fantasy","1,058"
899,Kirby Super Star,(1996 Video Game),"Action, Adventure, Family","1,056"
900,Lego Dimensions,(2015 Video Game),"Action, Adventure, Comedy","1,054"
901,World of Warcraft: Warlords of Draenor,(2014 Video Game),"Action, Adventure, Fantasy","1,054"
902,Thor: God of Thunder,(2011 Video Game),"Action, Adventure, Fantasy","1,053"
903,Syberia,(2002 Video Game),"Adventure, Drama, Fantasy","1,053"
904,Golden Axe,(1989 Video Game),"Action, Adventure, Fantasy","1,050"
905,Super Smash Bros. for Nintendo 3DS,(2014 Video Game),"Action, Fantasy, Sci-Fi","1,050"
906,Manhunt 2,(2007 Video Game),"Action, Horror, Mystery","1,048"
907,The Lego Movie Videogame,(2014 Video Game),"Action, Adventure, Comedy","1,047"
908,Clash Royale,(2016 Video Game),"Action, Fantasy","1,038"
909,Sam and Max Hit the Road,(1993 Video Game),"Adventure, Comedy, Mystery","1,034"
910,Demon's Souls,(2020 Video Game),"Action, Adventure, Fantasy","1,033"
911,Dino Crisis 2,(2000 Video Game),"Action, Adventure, Horror","1,033"
912,Lego DC Super-Villains,(2018 Video Game),"Action, Adventure, Comedy","1,032"
913,Duke Nukem,(1991 Video Game),"Action, Adventure, Sci-Fi","1,032"
914,Pokemon: Crystal Version,(2000 Video Game),"Action, Adventure, Fantasy","1,031"
915,Sly 3: Honour Among Thieves,(2005 Video Game),"Action, Adventure, Comedy","1,028"
916,A Series of Unfortunate Events,(2004 Video Game),"Action, Adventure, Comedy","1,026"
917,Transformers: The Game,(2007 Video Game),"Action, Adventure, Sci-Fi","1,026"
918,The Divergent Series: Insurgent - Shatter Reality,(2015 Video Game),"Short, Action","1,025"
919,Warcraft II: Beyond the Dark Portal,(1996 Video Game),"Action, Adventure, Fantasy","1,024"
920,Grim Fandango: Remastered,(2015 Video Game),"Adventure, Comedy, Crime","1,022"
921,Streets of Rage 2,(1992 Video Game),"Action, Adventure, Crime","1,022"
922,BioShock 2: Minerva's Den,(2010 Video Game),"Action, Adventure, Horror","1,021"
923,Final Fantasy XIII-2,(2011 Video Game),"Action, Adventure, Drama","1,020"
924,Call of Duty: United Offensive,(2004 Video Game),"Action, Adventure, War","1,017"
925,Kirby's Adventure,(1993 Video Game),"Action, Adventure, Family","1,017"
926,Independence Day,(1997 Video Game),"Action, Sci-Fi","1,016"
927,The Legend of Zelda: Phantom Hourglass,(2007 Video Game),"Action, Adventure, Fantasy","1,016"
928,Guitar Hero: World Tour,(2008 Video Game),"Family, Music","1,015"
929,Donkey Kong Country Returns,(2010 Video Game),"Action, Adventure, Fantasy","1,014"
930,Minesweeper,(1989 Video Game),"Action, Family","1,014"
931,Red Faction: Guerrilla,(2009 Video Game),"Action, Sci-Fi","1,013"
932,Avatar: The Last Airbender - The Legend of Aang,(2006 Video Game),"Action, Adventure, Fantasy","1,012"
933,Call of Juarez: Bound in Blood,(2009 Video Game),"Action, Adventure, Western","1,011"
934,X-Men Legends II: Rise of Apocalypse,(2005 Video Game),"Action, Sci-Fi","1,010"
935,Lego the Hobbit: The Video Game,(2014 Video Game),"Action, Adventure, Comedy","1,009"
936,Five Nights at Freddy's 4: The Final Chapter,(2015 Video Game),"Horror, Mystery","1,008"
937,Harry Potter and the Half-Blood Prince,(2009 Video Game),"Action, Adventure, Drama","1,008"
938,Sonic the Hedgehog CD,(1993 Video Game),"Animation, Action, Adventure","1,008"
939,Grand Theft Auto: Chinatown Wars,(2009 Video Game),"Action, Crime, Drama","1,007"
940,Remember Me,(2013 Video Game),"Action, Adventure, Sci-Fi","1,007"
941,Lego Marvel Super Heroes 2,(2017 Video Game),"Action, Adventure, Family","1,005"
942,Guitar Hero,(2005 Video Game),"Family, Music","1,005"
943,Metroid Prime 3: Corruption,(2007 Video Game),"Action, Adventure, Mystery","1,004"
944,Tony Hawk's Underground,(2003 Video Game),Sport,"1,003"
945,Call of Juarez: Gunslinger,(2013 Video Game),"Action, Adventure, Western","1,000"
946,Soulcalibur IV,(2008 Video Game),"Action, Fantasy",999
947,Iron Man 2,(2010 Video Game),"Action, Adventure, Crime",998
948,Pokémon: Stadium,(1999 Video Game),"Action, Fantasy, Sci-Fi",994
949,Burnout 3: Takedown,(2004 Video Game),"Action, Crime, Sport",993
950,Metroid Prime 2: Echoes,(2004 Video Game),"Action, Adventure, Mystery",992
951,FIFA 09,(2008 Video Game),Sport,992
952,New Super Luigi U,(2013 Video Game),"Action, Adventure, Fantasy",992
953,Forza Horizon 5,(2021 Video Game),"Action, Adventure, Crime",991
954,Silent Hill: Shattered Memories,(2009 Video Game),"Drama, Horror, Mystery",991
955,Hotline Miami 2: Wrong Number,(2015 Video Game),"Action, Crime, Horror",991
956,Twelve Minutes,(2021 Video Game),"Adventure, Mystery, Thriller",989
957,The Division 2,(2019 Video Game),"Action, Sci-Fi, Thriller",989
958,Assassin's Creed: Freedom Cry,(2013 Video Game),"Action, Adventure, History",989
959,Need for Speed: Shift,(2009 Video Game),"Action, Sport",989
960,Dr. Mario,(1990 Video Game),Family,987
961,Grand Theft Auto: Episodes from Liberty City,(2009 Video Game),"Action, Crime, Drama",985
962,The Legend of Zelda: The Minish Cap,(2004 Video Game),"Adventure, Fantasy",982
963,Star Wars: Shadows of the Empire,(1996 Video Game),"Action, Adventure, Sci-Fi",979
964,True Crime: New York City,(2005 Video Game),"Action, Crime, Mystery",977
965,Oddworld: Abe's Oddysee,(1997 Video Game),"Adventure, Fantasy, Sci-Fi",975
966,World of Warcraft: Legion,(2016 Video Game),"Action, Adventure, Fantasy",972
967,Just Cause,(2006 Video Game),"Action, Adventure, Crime",972
968,The Lord of the Rings: War in the North,(2011 Video Game),"Action, Adventure, Fantasy",970
969,Gran Turismo 4,(2004 Video Game),Sport,969
970,Jurassic World Evolution,(2018 Video Game),"Adventure, Family, Sci-Fi",968
971,XIII,(2003 Video Game),"Action, Adventure, Mystery",967
972,StarCraft II: Legacy of the Void,(2015 Video Game),"Action, Adventure, Sci-Fi",966
973,Pokémon LeafGreen Version,(2004 Video Game),"Action, Adventure, Fantasy",966
974,Alien vs. Predator,(II) (1994 Video Game),"Action, Adventure, Sci-Fi",965
975,Star Trek,(2013 Video Game),"Action, Adventure, Sci-Fi",963
976,Legacy of Kain: Soul Reaver,(1999 Video Game),"Action, Adventure, Fantasy",959
977,Kingdom Hearts 3D: Dream Drop Distance,(2012 Video Game),"Action, Adventure, Family",958
978,Need for Speed II,(1997 Video Game),"Action, Adventure, Crime",957
979,Just Cause 4,(2018 Video Game),"Action, Adventure, Crime",955
980,Aladdin,(I) (1993 Video Game),"Animation, Action, Adventure",953
981,Civilization III,(2001 Video Game),,953
982,Shadow the Hedgehog,(2005 Video Game),"Action, Adventure, Crime",952
983,Fire Emblem: Awakening,(2012 Video Game),"Action, Adventure, Fantasy",952
984,Age of Empires: The Age of Kings,(2006 Video Game),"History, War",950
985,Lollipop Chainsaw,(2012 Video Game),"Action, Adventure, Comedy",949
986,Crash Twinsanity,(2004 Video Game),"Animation, Action, Adventure",949
987,Chrono Cross,(1999 Video Game),"Action, Adventure, Fantasy",949
988,Yakuza Kiwami,(2016 Video Game),"Action, Crime, Drama",948
989,Unreal Tournament III,(2007 Video Game),"Action, Sci-Fi",947
990,Def Jam: Fight for NY,(2004 Video Game),"Action, Crime, Thriller",945
991,Gran Turismo,(1997 Video Game),Sport,945
992,Pokémon Platinum Version,(2008 Video Game),"Action, Adventure, Family",944
993,The Dig,(1995 Video Game),"Adventure, Drama, Sci-Fi",943
994,Civilization II,(1996 Video Game),History,943
995,Animal Crossing,(2001 Video Game),"Adventure, Family, Fantasy",942
996,FIFA 07,(2006 Video Game),"Action, Sport",942
997,Everybody's Gone to the Rapture,(2015 Video Game),"Fantasy, Mystery, Sci-Fi",938
998,Rock Band,(2007 Video Game),"Family, Music",938
999,Braid,(2008 Video Game),"Action, Adventure, Fantasy",938
"1,000.00",Undying,(2001 Video Game),"Action, Horror, Mystery",937
,,,,
,,,,
,,,,
,,,,
,,,,
,,,,
,,,,
,,,,
,,,,
,,,,
,,,,
,,,,
,,,,
,,,,
,,,,
,,,,
,,,,
,,,,
,,,,
,,,,
,,,,
,,,,
,,,,
,,,,
,,,,
,,,,
,,,,
,,,,
,,,,
,,,,
,,,,
,,,,
,,,,
,,,,
,,,,
,,,,
,,,,
,,,,
,,,,
,,,,
,,,,
,,,,
,,,,
,,,,
,,,,
,,,,
,,,,
,,,,
,,,,
,,,,
,,,,
,,,,
,,,,
,,,,
,,,,
,,,,
,,,,
,,,,
,,,,
,,,,
,,,,
,,,,
,,,,
,,,,
,,,,
,,,,
,,,,
,,,,
,,,,
,,,,
,,,,
,,,,
,,,,
,,,,
,,,,
,,,,
,,,,
,,,,
,,,,
,,,,
,,,,
,,,,
,,,,
,,,,
,,,,
,,,,
,,,,
,,,,
,,,,
,,,,
,,,,
,,,,
,,,,
,,,,
,,,,
,,,,
,,,,
,,,,
,,,,
,,,,
